Technology,Description
LED Wall,Large-scale LED screen system
XR,Extended Reality production
AR Camera,Camera-based augmented reality
Projection Mapping,Projection onto stage structures
Kinetic Stage,Moving stage elements
Automated Lift,Vertical stage lift system
Moving Runway,Extended moving performance stage
Laser System,Concert laser lighting
Drone Show,Drone-based aerial performance
Virtual Production,Real-time virtual environment
Pyrotechnics,Fireworks and flame effects
Hologram,Holographic visual effect
Follow Spot System,Performer tracking spotlight
